Country,Date,ConfirmedCases,ConfirmedDeath,School Closing,Workplace closing,Cancel public events,Close public transport,Public information campaigns,Restrictions on internal movement,International travel controls,Fiscal measures,Monetary measures,Emergency investment in health care,Investment in Vaccines,Testing framework,Contact tracing,ML,Low_90,High_90,Low_50,High_50
Egypt,01-03-20,1,0,0,0,0,0,0,0,0,0,12.25,0,0,0,2,,,,,
Egypt,02-03-20,2,0,0,0,0,0,0,0,0,0,12.25,0,0,0,2,,,,,
Egypt,03-03-20,2,0,0,0,0,0,0,0,0,0,12.25,0,0,0,2,,,,,
Egypt,04-03-20,2,0,0,0,0,0,0,0,0,0,12.25,0,0,0,2,,,,,
Egypt,05-03-20,3,0,0,0,0,0,0,0,0,0,12.25,0,0,0,2,,,,,
Egypt,06-03-20,3,0,0,0,0,0,0,0,0,0,12.25,0,0,0,2,,,,,
Egypt,07-03-20,15,0,0,0,0,0,0,0,0,0,12.25,0,0,0,2,,,,,
Egypt,08-03-20,15,,0,0,0,0,0,0,0,0,12.25,0,0,0,2,,,,,
Egypt,09-03-20,49,1,0,0,0,0,0,0,0,0,12.25,0,0,0,2,3,1.01,6.99,2.04,4.45
Egypt,10-03-20,55,1,0,0,0,0,0,0,0,0,12.25,0,0,0,2,2.51,1.01,4.63,1.84,3.36
Egypt,11-03-20,59,1,0,0,0,0,0,0,0,0,12.25,0,0,0,2,2.15,0.88,3.83,1.66,2.9
Egypt,12-03-20,60,1,0,0,0,0,0,0,0,0,12.25,0,0,0,2,1.96,0.78,3.42,1.48,2.58
Egypt,13-03-20,80,2,0,0,0,0,0,0,0,0,12.25,0,0,0,2,1.82,0.68,3.14,1.35,2.37
Egypt,14-03-20,93,2,0,0,0,0,0,0,0,0,12.25,0,0,0,2,1.8,0.7,3.07,1.36,2.34
Egypt,15-03-20,93,2,0,0,0,0,0,0,0,0,12.25,0,0,0,2,1.91,0.82,3.13,1.53,2.49
Egypt,16-03-20,110,2,0,2,0,0,0,0,0,0,12.25,0,0,1,2,1.91,0.85,3.06,1.5,2.41
Egypt,17-03-20,126,2,0,2,0,0,0,0,0,0,12.25,0,0,1,2,2.01,1,3.12,1.62,2.49
Egypt,18-03-20,166,4,0,2,0,0,0,0,0,0,12.25,0,0,1,2,2,1.04,3.05,1.66,2.49
Egypt,19-03-20,196,6,2,2,0,2,0,2,3,0,12.25,0,0,1,2,1.87,0.94,2.85,1.55,2.34
Egypt,20-03-20,210,6,2,2,0,2,0,2,3,0,12.25,0,0,1,2,1.81,0.93,2.77,1.51,2.27
Egypt,21-03-20,256,7,2,2,2,2,0,2,3,1269384280,9.25,63690000,0,1,2,1.71,0.86,2.64,1.4,2.13
Egypt,22-03-20,285,8,2,2,2,2,0,2,3,0,9.25,0,0,1,2,1.75,0.9,2.62,1.46,2.17
Egypt,23-03-20,294,10,2,2,2,2,0,2,3,0,9.25,0,0,1,2,1.62,0.78,2.45,1.33,2.02
Egypt,24-03-20,327,14,2,2,2,2,1,2,3,0,9.25,0,0,1,2,1.58,0.79,2.43,1.27,1.94
Egypt,25-03-20,366,19,2,2,2,2,1,2,3,0,9.25,0,0,1,2,1.55,0.74,2.34,1.27,1.93
Egypt,26-03-20,442,21,2,2,2,2,1,2,3,0,9.25,0,0,1,2,1.49,0.73,2.31,1.22,1.87
Egypt,27-03-20,456,21,2,2,2,2,1,2,3,0,9.25,0,0,1,2,1.43,0.66,2.21,1.17,1.81
Egypt,28-03-20,495,24,2,2,2,2,1,2,3,0,9.25,0,0,1,2,1.42,0.66,2.19,1.15,1.78
Egypt,29-03-20,536,30,2,2,2,2,1,2,3,0,9.25,0,0,1,2,1.37,0.61,2.12,1.09,1.71
Egypt,30-03-20,576,36,2,2,2,2,1,2,3,0,9.25,0,0,1,2,1.37,0.64,2.14,1.12,1.74
Egypt,31-03-20,609,40,2,2,2,2,1,2,3,0,9.25,0,0,1,2,1.21,0.47,1.95,0.94,1.55
Egypt,01-04-20,656,41,2,2,2,2,1,2,3,0,9.25,0,0,1,2,1.52,0.8,2.27,1.22,1.82
Egypt,02-04-20,710,46,2,2,2,2,1,2,3,0,9.25,0,0,1,2,1.62,0.92,2.34,1.39,1.98
Egypt,03-04-20,779,52,2,2,2,2,1,2,3,0,9.25,0,0,1,2,1.56,0.89,2.27,1.33,1.9
Egypt,04-04-20,779,52,2,2,2,2,1,2,3,0,9.25,0,0,1,2,1.81,1.17,2.5,1.59,2.14
Egypt,05-04-20,985,66,2,2,2,2,1,2,3,0,9.25,0,0,1,2,2.02,1.41,2.67,1.81,2.33
Egypt,06-04-20,1070,71,2,2,2,2,1,2,3,0,9.25,0,0,1,2,2.03,1.46,2.65,1.83,2.32
Egypt,07-04-20,1073,78,2,2,2,2,1,2,3,0,9.25,0,0,1,2,1.93,1.38,2.51,1.75,2.22
Egypt,08-04-20,1322,85,2,2,2,2,1,2,3,0,9.25,0,0,1,2,1.82,1.3,2.39,1.64,2.09
Egypt,09-04-20,1560,103,2,2,2,2,1,2,3,1267737220,9.25,240870071,0,1,2,1.7,1.18,2.23,1.54,1.98
Egypt,10-04-20,1699,118,2,2,2,2,1,2,3,1267737220,9.25,240870071,0,1,2,1.43,0.94,1.98,1.26,1.69
Egypt,11-04-20,1794,135,2,2,2,2,1,2,3,1267737220,9.25,240870071,0,1,2,1.33,0.83,1.86,1.17,1.6
Egypt,12-04-20,1939,146,2,2,2,2,1,2,3,1267737220,9.25,240870071,0,1,2,1.29,0.8,1.83,1.09,1.51
Egypt,13-04-20,2065,159,2,2,2,2,1,2,3,1267737220,9.25,240870071,0,1,2,1.12,0.63,1.66,0.92,1.34
Egypt,14-04-20,2190,164,2,2,2,2,1,2,3,1267737220,9.25,240870071,0,,2,1.06,0.55,1.58,0.89,1.32
Egypt,15-04-20,2350,178,2,2,2,2,1,2,3,1267737220,9.25,240870071,0,,2,1.11,0.62,1.66,0.94,1.37
Egypt,16-04-20,2505,183,2,2,2,2,1,2,3,1267737220,9.25,240870071,0,,2,1.16,0.66,1.69,1,1.43
Egypt,17-04-20,2673,196,2,2,2,2,1,2,3,1267737220,9.25,240870071,0,,2,1.15,0.65,1.67,0.97,1.39
Egypt,18-04-20,2844,205,2,2,2,2,1,2,3,1267737220,9.25,240870071,0,,2,1.17,0.69,1.71,1,1.42
Kuwait,01-03-20,45,0,2,0,0,0,1,0,2,,0,0,0,0,0,,,,,
Kuwait,02-03-20,46,0,2,0,0,0,1,0,2,,0,0,0,0,0,,,,,
Kuwait,03-03-20,56,0,2,0,0,0,1,0,2,,0,0,0,0,0,,,,,
Kuwait,04-03-20,56,0,2,0,0,0,1,0,2,,0,0,0,0,0,,,,,
Kuwait,05-03-20,58,0,2,0,0,0,1,0,2,,0,0,0,0,0,,,,,
Kuwait,06-03-20,58,0,2,0,0,0,1,0,2,,0,0,0,0,0,,,,,
Kuwait,07-03-20,61,0,2,0,1,0,1,0,2,,0,0,0,0,2,,,,,
Kuwait,08-03-20,61,0,2,0,1,0,1,0,2,,0,0,0,0,2,,,,,
Kuwait,09-03-20,64,0,2,0,1,0,1,0,2,,0,0,0,0,2,,,,,
Kuwait,10-03-20,65,0,2,0,1,0,1,0,2,,0,0,0,0,2,,,,,
Kuwait,11-03-20,69,0,2,2,2,0,1,0,3,,0,0,0,2,2,,,,,
Kuwait,12-03-20,72,0,2,2,2,2,1,0,3,,0,0,0,2,2,,,,,
Kuwait,13-03-20,80,0,2,2,2,2,1,0,3,,0,0,0,2,2,,,,,
Kuwait,14-03-20,100,0,2,2,2,2,1,0,3,,0,0,0,2,2,,,,,
Kuwait,15-03-20,104,0,2,2,2,2,1,0,3,,0,0,0,2,2,,,,,
Kuwait,16-03-20,112,0,2,2,2,2,1,0,3,,1,1600000000,0,2,2,,,,,
Kuwait,17-03-20,123,0,2,2,2,2,1,0,3,,1,1600000000,0,2,2,,,,,
Kuwait,18-03-20,130,0,2,2,2,2,1,0,3,,1,1600000000,0,2,2,,,,,
Kuwait,19-03-20,142,0,2,2,2,2,1,0,3,,1,1600000000,0,2,2,,,,,
Kuwait,20-03-20,148,0,2,2,2,2,1,0,3,,1,1600000000,0,2,2,,,,,
Kuwait,21-03-20,159,0,2,2,2,2,1,0,3,,1,1600000000,0,2,2,,,,,
Kuwait,22-03-20,176,0,2,2,2,2,1,2,3,,1,1600000000,0,2,2,,,,,
Kuwait,23-03-20,188,0,2,2,2,2,1,2,3,,1,1600000000,0,2,2,,,,,
Kuwait,24-03-20,189,0,2,2,2,2,1,2,3,,1,1600000000,0,2,2,,,,,
Kuwait,25-03-20,191,0,2,2,2,2,1,2,3,,1,1600000000,0,2,2,,,,,
Kuwait,26-03-20,195,0,2,2,2,2,1,2,3,,1,1600000000,0,2,2,,,,,
Kuwait,27-03-20,208,0,2,2,2,2,1,2,3,,1,1600000000,0,2,2,3,1.01,6.99,2.04,4.45
Kuwait,28-03-20,225,0,2,2,2,2,1,2,3,,1,1600000000,0,2,2,2.71,1.12,4.88,2.08,3.67
Kuwait,29-03-20,235,0,2,2,2,2,1,2,3,,1,1600000000,0,2,2,2.53,1.15,4.25,1.97,3.27
Kuwait,30-03-20,255,0,2,2,2,2,1,2,3,,1,1600000000,0,2,2,2.49,1.22,3.96,1.97,3.11
Kuwait,31-03-20,266,0,2,2,2,2,1,2,3,,1,1600000000,0,2,2,2.16,1,3.41,1.7,2.7
Kuwait,01-04-20,289,0,2,2,2,2,1,2,3,,1,1600000000,0,2,2,2.5,1.41,3.69,2.08,3.02
Kuwait,02-04-20,317,0,2,2,2,2,1,2,3,,1,1600000000,0,2,2,2.62,1.61,3.67,2.25,3.1
Kuwait,03-04-20,342,0,2,2,2,2,1,2,3,,1,1600000000,0,2,2,2.73,1.83,3.68,2.39,3.15
Kuwait,04-04-20,342,0,2,2,2,2,1,2,3,,1,1600000000,0,2,2,2.64,1.83,3.49,2.31,2.99
Kuwait,05-04-20,479,1,2,2,2,2,1,2,3,,1,1600000000,0,2,2,2.6,1.87,3.38,2.33,2.95
Kuwait,06-04-20,556,1,2,2,2,2,1,2,3,,1,1600000000,0,2,2,2.37,1.69,3.08,2.1,2.67
Kuwait,07-04-20,665,1,2,2,2,2,1,2,3,,1,1600000000,0,2,2,2.16,1.53,2.84,1.93,2.47
Kuwait,08-04-20,743,1,2,2,2,2,1,2,3,,1,1600000000,0,2,2,2.04,1.44,2.69,1.84,2.36
Kuwait,09-04-20,855,1,2,2,2,2,1,2,3,,1,1600000000,0,2,2,1.86,1.29,2.5,1.66,2.16
Kuwait,10-04-20,910,1,2,2,2,2,1,2,3,,1,1600000000,0,2,2,1.58,1.01,2.19,1.39,1.88
Kuwait,11-04-20,993,1,2,2,2,2,1,2,3,,1,1600000000,0,2,2,1.4,0.82,1.99,1.17,1.65
Kuwait,12-04-20,1154,1,2,2,2,2,1,2,3,,1,1600000000,0,2,2,1.23,0.67,1.85,1.05,1.54
Kuwait,13-04-20,1234,1,2,2,2,2,1,2,3,,1,1600000000,0,2,2,1.16,0.57,1.75,0.96,1.45
Kuwait,14-04-20,1300,2,2,2,2,2,1,2,3,,1,1600000000,0,2,2,1.12,0.54,1.73,0.91,1.4
Kuwait,15-04-20,1355,3,2,2,2,2,1,2,3,,1,1600000000,0,2,2,1.13,0.53,1.72,0.91,1.4
Kuwait,16-04-20,1405,3,2,2,2,2,1,2,3,,1,1600000000,0,2,2,1.12,0.52,1.71,0.9,1.39
Kuwait,17-04-20,1524,3,,,,,,,,,,,,,,1.05,0.46,1.65,0.83,1.32
Kuwait,18-04-20,1658,5,,,,,,,,,,,,,,1.13,0.53,1.72,0.91,1.4
Lebanon,01-03-20,4,0,2,0,1,0,1,0,2,0,0,0,0,1,1,,,,,
Lebanon,02-03-20,10,0,2,0,1,0,1,0,2,0,0,0,0,1,1,,,,,
Lebanon,03-03-20,13,0,2,0,1,0,1,0,2,0,0,0,0,1,1,,,,,
Lebanon,04-03-20,13,,2,0,1,0,1,0,2,0,0,0,0,1,1,,,,,
Lebanon,05-03-20,16,,2,0,1,0,1,0,2,0,0,0,0,1,1,,,,,
Lebanon,06-03-20,16,0,2,0,1,0,1,0,2,0,0,0,0,1,1,,,,,
Lebanon,07-03-20,22,0,2,0,1,0,1,0,2,0,0,0,0,1,1,,,,,
Lebanon,08-03-20,32,,2,0,1,0,1,0,2,0,0,0,0,1,1,,,,,
Lebanon,09-03-20,32,0,2,0,1,0,1,0,2,0,0,0,0,1,1,,,,,
Lebanon,10-03-20,41,0,2,0,1,0,1,0,2,0,0,39000000,0,1,1,,,,,
Lebanon,11-03-20,41,1,2,0,1,0,1,0,2,0,0,0,0,1,1,3,1.01,6.99,2.04,4.45
Lebanon,12-03-20,61,2,2,1,1,0,1,0,3,0,0,0,0,1,1,2.51,1.01,4.63,1.84,3.36
Lebanon,13-03-20,66,2,2,1,1,0,1,0,3,0,0,0,0,1,1,2.28,0.97,3.99,1.78,3.05
Lebanon,14-03-20,93,,2,1,1,0,1,0,3,0,0,0,0,1,1,,,,,
Lebanon,15-03-20,93,3,2,1,1,0,1,0,3,0,0,0,0,1,1,2.04,0.86,3.52,1.58,2.69
Lebanon,16-03-20,99,3,2,1,1,2,1,2,3,0,0,0,0,1,1,1.96,0.83,3.31,1.52,2.55
Lebanon,17-03-20,120,3,2,1,1,2,1,2,3,0,0,0,0,1,1,1.82,0.73,3.06,1.43,2.4
Lebanon,18-03-20,120,3,2,2,2,2,1,2,3,0,0,0,0,1,1,1.92,0.83,3.09,1.54,2.48
Lebanon,19-03-20,133,4,2,2,2,2,1,2,3,0,0,0,0,1,1,1.91,0.85,3.01,1.5,2.39
Lebanon,20-03-20,149,4,2,2,2,2,1,2,3,0,0,0,0,1,1,1.88,0.88,2.95,1.49,2.34
Lebanon,21-03-20,163,4,2,2,2,2,1,2,3,0,0,0,0,1,1,1.9,0.9,2.88,1.56,2.38
Lebanon,22-03-20,230,4,2,2,2,2,1,2,3,0,0,0,0,1,1,1.89,0.97,2.87,1.54,2.32
Lebanon,23-03-20,248,4,2,2,2,2,1,2,3,0,0,0,0,1,1,1.87,0.98,2.8,1.55,2.3
Lebanon,24-03-20,267,4,2,2,2,2,1,2,3,0,0,0,0,1,1,1.75,0.89,2.64,1.44,2.16
Lebanon,25-03-20,304,4,2,2,2,2,1,2,3,0,0,6000000,0,1,1,1.62,0.77,2.47,1.32,2.02
Lebanon,26-03-20,333,4,2,2,2,2,1,2,3,0,0,0,0,1,1,1.52,0.7,2.37,1.24,1.93
Lebanon,27-03-20,368,6,2,2,2,2,1,2,3,0,0,0,0,1,1,1.29,0.48,2.13,0.99,1.67
Lebanon,28-03-20,391,7,2,2,2,2,1,2,3,0,0,0,0,1,1,1.22,0.41,2.06,0.89,1.57
Lebanon,29-03-20,412,8,2,2,2,2,1,2,3,0,0,0,0,1,1,1.11,0.29,1.92,0.83,1.52
Lebanon,30-03-20,438,10,2,2,2,2,1,2,3,0,0,0,0,1,1,1.02,0.22,1.83,0.71,1.4
Lebanon,31-03-20,446,11,2,2,2,2,1,2,3,0,0,0,0,1,1,0.89,0.12,1.67,0.58,1.27
Lebanon,01-04-20,463,12,2,2,2,2,1,2,3,0,0,0,0,1,1,0.8,0.08,1.59,0.51,1.2
Lebanon,02-04-20,479,12,2,2,2,2,1,2,3,0,0,0,0,1,1,0.75,0.03,1.52,0.45,1.14
Lebanon,03-04-20,494,16,2,2,2,2,1,2,3,0,0,0,0,1,1,0.69,0.03,1.51,0.42,1.11
Lebanon,04-04-20,494,16,2,2,2,2,1,2,3,0,0,0,0,1,1,0.63,0.03,1.5,0.35,1.03
Lebanon,05-04-20,520,17,2,2,2,2,1,2,2,0,0,0,0,1,1,0.65,0,1.49,0.35,1.04
Lebanon,06-04-20,527,18,2,2,2,2,1,2,2,0,0,0,0,1,1,0.66,0.03,1.55,0.35,1.05
Lebanon,07-04-20,541,19,2,2,2,2,1,2,3,0,0,0,0,1,1,0.74,0.02,1.6,0.44,1.17
Lebanon,08-04-20,548,19,2,2,2,2,1,2,3,0,0,0,0,1,1,0.76,0.05,1.65,0.47,1.21
Lebanon,09-04-20,575,19,2,2,2,2,1,2,3,0,0,0,0,1,1,0.83,0.06,1.71,0.52,1.28
Lebanon,10-04-20,582,19,2,2,2,2,1,2,3,0,0,0,0,1,1,0.78,0.04,1.65,0.42,1.16
Lebanon,11-04-20,609,20,2,2,2,2,1,2,3,0,0,0,0,1,1,0.79,0.04,1.66,0.48,1.23
Lebanon,12-04-20,619,20,2,2,2,2,1,2,3,0,0,0,0,1,1,0.72,0.04,1.63,0.36,1.09
Lebanon,13-04-20,630,20,2,2,2,2,1,2,3,0,0,0,0,1,1,0.66,0,1.55,0.36,1.08
Lebanon,14-04-20,632,20,2,2,2,2,1,2,3,0,0,0,0,1,1,0.51,0,1.48,0.26,0.94
Lebanon,15-04-20,641,21,2,2,2,2,1,2,3,0,0,0,0,1,1,0.53,0.01,1.52,0.27,0.96
Lebanon,16-04-20,658,21,2,2,2,2,1,2,3,0,0,0,0,1,1,0.43,0.01,1.45,0.21,0.86
Lebanon,17-04-20,663,21,,,,,,,,,,,,,,0.44,0.01,1.48,0.18,0.84
Lebanon,18-04-20,668,21,,,,,,,,,,,,,,0.46,0.01,1.51,0.26,0.94
Saudi Arabia,01-03-20,0,0,0,0,0,2,1,0,0,0,0,0,0,0,0,,,,,
Saudi Arabia,02-03-20,0,0,0,0,0,2,1,0,0,0,0,0,0,0,0,,,,,
Saudi Arabia,03-03-20,1,0,0,0,0,2,1,0,0,0,0,0,0,0,0,,,,,
Saudi Arabia,04-03-20,0,0,0,0,0,2,1,0,0,0,0,0,0,0,0,,,,,
Saudi Arabia,05-03-20,0,0,0,0,0,2,1,0,0,0,0,0,0,2,0,,,,,
Saudi Arabia,06-03-20,5,0,0,0,0,2,1,0,0,0,0,0,0,2,0,,,,,
Saudi Arabia,07-03-20,0,0,0,0,0,2,1,0,0,0,0,0,0,2,0,,,,,
Saudi Arabia,08-03-20,7,0,0,0,0,2,1,2,0,0,0,0,0,2,0,,,,,
Saudi Arabia,09-03-20,11,0,2,0,0,2,1,2,0,0,0,0,0,2,1,,,,,
Saudi Arabia,10-03-20,15,0,2,0,0,2,1,2,0,0,0,0,0,2,1,,,,,
Saudi Arabia,11-03-20,20,0,2,0,0,2,1,2,0,0,0,0,10000000,2,1,3,1.01,6.99,2.04,4.45
Saudi Arabia,12-03-20,45,0,2,0,0,2,1,2,0,0,0,0,0,2,1,2.94,1.27,5.17,2.27,3.92
Saudi Arabia,13-03-20,62,0,2,0,0,2,1,2,0,0,0,0,0,2,1,2.63,1.19,4.29,2.05,3.35
Saudi Arabia,14-03-20,86,0,2,0,2,2,1,2,3,0,0,0,0,2,1,2.23,1.01,3.64,1.78,2.88
Saudi Arabia,15-03-20,86,0,2,2,2,2,1,2,3,13500000000,0,0,0,2,1,2.16,1.03,3.45,1.76,2.77
Saudi Arabia,16-03-20,118,0,2,2,2,2,1,2,3,0,0,0,0,2,1,2.23,1.12,3.38,1.84,2.78
Saudi Arabia,17-03-20,133,0,2,2,2,2,1,2,3,0,0.75,0,0,2,1,2.11,1.1,3.2,1.75,2.62
Saudi Arabia,18-03-20,133,0,2,2,2,2,1,2,3,0,0.75,0,0,2,1,2.37,1.41,3.38,2,2.81
Saudi Arabia,19-03-20,171,0,2,2,2,2,1,2,3,0,0.75,0,0,2,1,2.55,1.68,3.49,2.2,2.94
Saudi Arabia,20-03-20,238,0,2,2,2,2,1,2,3,18500000000,0.75,0,0,2,1,2.52,1.71,3.35,2.25,2.93
Saudi Arabia,21-03-20,274,0,2,2,2,2,1,2,3,0,0.75,0,0,2,1,2.64,1.92,3.42,2.4,3.02
Saudi Arabia,22-03-20,392,0,2,2,2,2,1,2,3,0,0.75,0,0,2,1,2.58,1.93,3.3,2.33,2.89
Saudi Arabia,23-03-20,511,0,2,2,2,2,1,2,3,0,0.75,0,0,2,1,2.42,1.8,3.06,2.2,2.72
Saudi Arabia,24-03-20,562,0,2,2,2,2,1,2,3,0,0.75,0,0,2,1,2.17,1.6,2.79,1.96,2.45
Saudi Arabia,25-03-20,767,1,2,2,2,2,1,2,3,0,0.75,0,0,2,1,1.92,1.36,2.5,1.72,2.19
Saudi Arabia,26-03-20,900,2,2,2,2,2,1,2,3,0,0.75,0,0,2,1,1.64,1.11,2.23,1.45,1.91
Saudi Arabia,27-03-20,1012,3,2,2,2,2,1,2,3,0,0.75,0,0,2,1,1.52,0.99,2.1,1.34,1.8
Saudi Arabia,28-03-20,1104,3,2,2,2,2,1,2,3,0,0.75,0,0,2,1,1.35,0.81,1.91,1.13,1.58
Saudi Arabia,29-03-20,1203,4,2,2,2,2,1,2,3,0,0.75,0,0,2,1,1.33,0.81,1.91,1.13,1.58
Saudi Arabia,30-03-20,1229,8,2,2,2,2,1,2,3,0,0.75,0,0,2,1,1.24,0.7,1.79,1.05,1.5
Saudi Arabia,31-03-20,1453,8,2,2,2,2,1,2,3,0,0.75,0,0,2,1,1.13,0.59,1.68,0.94,1.39
Saudi Arabia,01-04-20,1563,10,2,2,2,2,1,2,3,0,0.75,139540000,0,2,1,1.3,0.77,1.86,1.11,1.56
Saudi Arabia,02-04-20,1720,16,2,2,2,2,1,2,3,0,0.75,0,0,2,1,1.38,0.86,1.93,1.18,1.62
Saudi Arabia,03-04-20,1885,21,2,2,2,2,1,2,3,0,0.75,0,0,2,1,1.38,0.87,1.92,1.18,1.61
Saudi Arabia,04-04-20,1885,21,2,2,2,2,1,2,3,0,0.75,0,0,2,1,1.5,1.01,2.04,1.3,1.72
Saudi Arabia,05-04-20,2179,29,2,2,2,2,1,2,3,0,0.75,0,0,2,1,1.37,0.87,1.87,1.16,1.57
Saudi Arabia,06-04-20,2385,34,2,2,2,2,1,2,3,0,0.75,0,0,2,1,1.52,1.02,2,1.36,1.77
Saudi Arabia,07-04-20,2523,38,2,2,2,2,1,2,3,0,0.75,0,0,2,1,1.61,1.16,2.12,1.41,1.8
Saudi Arabia,08-04-20,2795,41,2,2,2,2,1,2,3,0,0.75,0,0,2,1,1.67,1.22,2.14,1.51,1.89
Saudi Arabia,09-04-20,2932,41,2,2,2,2,1,2,3,0,0.75,0,0,2,1,1.83,1.41,2.3,1.69,2.06
Saudi Arabia,10-04-20,3287,44,2,2,2,2,1,2,3,0,0.75,0,0,2,1,1.78,1.37,2.22,1.63,1.98
Saudi Arabia,11-04-20,3651,47,2,2,2,2,1,2,3,0,0.75,0,0,2,1,1.76,1.37,2.19,1.63,1.97
Saudi Arabia,12-04-20,4033,52,2,2,2,2,1,2,3,0,0.75,0,0,2,1,1.76,1.38,2.17,1.64,1.97
Saudi Arabia,13-04-20,4462,59,2,2,2,2,1,2,3,0,0.75,0,0,2,1,1.67,1.31,2.08,1.55,1.87
Saudi Arabia,14-04-20,4934,65,2,2,2,2,1,2,3,0,0.75,0,0,2,1,1.73,1.38,2.12,1.62,1.93
Saudi Arabia,15-04-20,5369,73,2,2,2,2,1,2,3,0,0.75,0,0,2,1,1.56,1.22,1.94,1.45,1.75
Saudi Arabia,16-04-20,5862,79,2,2,2,2,1,2,3,0,0.75,0,0,2,1,1.47,1.13,1.84,1.34,1.63
Saudi Arabia,17-04-20,6380,83,,,,,,,,,,,,,,1.41,1.08,1.78,1.3,1.59
Saudi Arabia,18-04-20,7142,87,,,,,,,,,,,,,,1.37,1.04,1.73,1.23,1.51
United Arab Emirates,01-03-20,21,0,2,1,0,0,0,0,3,0,1.5,,,0,,,,,,
United Arab Emirates,02-03-20,21,0,2,1,0,0,0,0,3,0,1.5,,,0,,,,,,
United Arab Emirates,03-03-20,,0,2,1,0,0,0,0,3,0,1.5,,,0,,,,,,
United Arab Emirates,04-03-20,27,0,2,1,0,0,0,0,3,0,1,,,0,,,,,,
United Arab Emirates,05-03-20,,0,2,1,0,0,0,0,2,0,1,,,0,,,,,,
United Arab Emirates,06-03-20,29,0,2,1,0,0,0,0,2,0,1,,,0,,,,,,
United Arab Emirates,07-03-20,,0,2,1,0,0,0,0,2,0,1,,,0,,,,,,
United Arab Emirates,08-03-20,45,0,2,1,0,0,0,0,2,0,1,,,0,,,,,,
United Arab Emirates,09-03-20,,0,2,1,0,0,0,0,2,0,1,,,0,,,,,,
United Arab Emirates,10-03-20,59,0,2,1,0,0,0,0,2,0,1,,,1,,,,,,
United Arab Emirates,11-03-20,74,0,2,1,0,0,0,0,2,0,1,,,1,,,,,,
United Arab Emirates,12-03-20,,0,2,1,0,0,0,0,2,480000000,1,,,1,,,,,,
United Arab Emirates,13-03-20,85,0,2,1,0,0,1,0,2,0,1,,,1,,,,,,
United Arab Emirates,14-03-20,,0,2,1,0,0,1,0,2,27000000000,1,,,1,,,,,,
United Arab Emirates,15-03-20,85,0,2,1,1,0,,0,2,0,1,,,1,,,,,,
United Arab Emirates,16-03-20,86,0,2,1,2,0,1,0,2,0,0.25,,,1,,,,,,
United Arab Emirates,17-03-20,98,0,2,1,2,0,1,0,3,0,0.25,,,1,,,,,,
United Arab Emirates,18-03-20,113,0,2,1,2,0,1,0,3,0,0.25,,,1,,,,,,
United Arab Emirates,19-03-20,113,0,2,1,2,0,1,0,3,0,0.25,,,1,,,,,,
United Arab Emirates,20-03-20,140,0,2,1,2,0,1,0,3,0,0.25,,,1,,3,1.01,6.99,2.04,4.45
United Arab Emirates,21-03-20,140,0,2,1,2,0,1,0,3,0,0.25,,,1,,2.8,1.2,4.87,2.15,3.7
United Arab Emirates,22-03-20,153,2,2,1,2,0,1,0,3,0,0.25,,,1,,3.16,1.7,4.81,2.61,3.91
United Arab Emirates,23-03-20,153,2,2,1,2,0,1,1,3,0,0.25,,,1,2,2.72,1.49,4.01,2.28,3.33
United Arab Emirates,24-03-20,198,2,2,1,2,0,1,1,3,0,0.25,,,1,2,2.72,1.67,3.88,2.32,3.23
United Arab Emirates,25-03-20,248,2,2,2,2,0,1,1,3,0,0.25,,,1,2,2.58,1.63,3.58,2.19,2.99
United Arab Emirates,26-03-20,333,2,2,2,2,2,1,2,3,0,0.25,,,1,2,2.31,1.46,3.23,2,2.73
United Arab Emirates,27-03-20,333,2,2,2,2,2,1,2,3,0,0.25,,,1,2,2.33,1.54,3.18,2,2.67
United Arab Emirates,28-03-20,405,2,2,2,2,2,1,2,3,0,0.25,,,1,2,2.16,1.43,2.96,1.9,2.53
United Arab Emirates,29-03-20,468,2,2,2,2,2,1,2,3,0,0.25,,,1,2,1.86,1.13,2.58,1.61,2.21
United Arab Emirates,30-03-20,468,2,2,2,2,2,1,2,3,0,0.25,,,1,2,2.16,1.49,2.88,1.9,2.47
United Arab Emirates,31-03-20,611,5,2,2,2,2,1,2,3,0,0.25,,,1,2,1.96,1.32,2.64,1.7,2.24
United Arab Emirates,01-04-20,664,6,2,2,2,2,1,2,3,0,0.25,,,1,2,2.48,1.88,3.12,2.26,2.77
United Arab Emirates,02-04-20,664,6,2,2,2,2,1,2,3,0,0.25,,,1,2,2.55,2.01,3.15,2.36,2.83
United Arab Emirates,03-04-20,1024,8,2,2,2,2,1,2,3,0,0.25,,,1,2,2.52,2.03,3.08,2.33,2.76
United Arab Emirates,04-04-20,1024,8,2,2,2,2,1,2,3,0,0.25,,,1,2,2.43,1.96,2.93,2.26,2.66
United Arab Emirates,05-04-20,1505,10,2,2,2,2,1,2,3,42477876106,0.25,,,1,2,2.2,1.77,2.69,2.06,2.44
United Arab Emirates,06-04-20,1799,10,2,2,2,2,1,2,3,0,0.25,,,1,2,2.04,1.63,2.51,1.88,2.24
United Arab Emirates,07-04-20,2076,11,2,2,2,2,1,2,3,0,0.25,,,1,2,1.89,1.46,2.3,1.75,2.1
United Arab Emirates,08-04-20,2359,12,2,2,2,2,1,2,3,0,0.25,,,1,2,1.59,1.2,2.03,1.45,1.79
United Arab Emirates,09-04-20,2659,12,2,2,2,2,1,2,3,0,0.25,,,1,2,1.57,1.17,1.98,1.45,1.79
United Arab Emirates,10-04-20,2990,14,2,2,2,2,1,2,3,0,0.25,,,1,2,1.36,0.97,1.77,1.22,1.55
United Arab Emirates,11-04-20,3360,16,2,2,2,2,1,2,3,0,0.25,,,1,2,1.35,0.97,1.77,1.22,1.55
United Arab Emirates,12-04-20,3736,20,2,2,2,2,1,2,3,0,0.25,,,1,2,1.35,0.98,1.77,1.23,1.56
United Arab Emirates,13-04-20,4123,22,2,2,2,2,1,2,3,0,0.25,,,3,2,1.34,0.95,1.72,1.21,1.53
United Arab Emirates,14-04-20,4521,25,2,2,2,2,1,2,3,0,0.25,,,3,2,1.1,0.73,1.5,0.98,1.3
United Arab Emirates,15-04-20,4933,28,2,2,2,2,1,2,3,0,0.25,,,3,2,1.02,0.66,1.44,0.89,1.21
United Arab Emirates,16-04-20,5365,33,2,2,2,2,,,,0,,,,3,2,0.92,0.54,1.32,0.77,1.09
United Arab Emirates,17-04-20,5825,33,2,,,,,,,,,,,3,,0.8,0.42,1.21,0.68,1.01
United Arab Emirates,18-04-20,5825,35,2,,,,,,,,,,,,,0.7,0.32,1.13,0.54,0.87
